{"stats":{"minecraft:mined":{"minecraft:dark_oak_planks":36,"minecraft:brewing_stand":1,"minecraft:granite":22,"minecraft:stripped_crimson_hyphae":2,"minecraft:grass_block":5,"minecraft:cracked_polished_blackstone_bricks":10,"minecraft:spruce_leaves":4,"minecraft:polished_diorite":3,"minecraft:kelp":4,"minecraft:spawner":1,"minecraft:polished_blackstone_bricks":14,"minecraft:glowstone":1,"minecraft:iron_ore":70,"minecraft:fire":2,"minecraft:andesite":1,"minecraft:moss_carpet":1,"minecraft:pumpkin":23,"minecraft:gold_block":19,"minecraft:water_cauldron":1,"minecraft:stone":202,"minecraft:podzol":1,"minecraft:smithing_table":1,"minecraft:oak_slab":2,"biomesoplenty:redwood_planks":1,"minecraft:blackstone":5,"minecraft:kelp_plant":3,"minecraft:basalt":5,"minecraft:torch":14,"minecraft:emerald_ore":3,"minecraft:glass":11,"minecraft:copper_ore":3,"minecraft:cobblestone":22,"minecraft:sugar_cane":21,"minecraft:oak_planks":2,"dragonmounts:dragon_egg":1,"minecraft:wall_torch":10,"minecraft:polished_diorite_stairs":1,"biomesoplenty:redwood_slab":133,"minecraft:powered_rail":2,"minecraft:wheat":11,"minecraft:spruce_log":9,"biomesoplenty:maple_leaves":7,"minecraft:grass":11,"biomesoplenty:clover":3,"minecraft:oak_log":64,"minecraft:coal_ore":32,"minecraft:gravel":8,"minecraft:sand":21,"minecraft:dirt":25,"minecraft:cobweb":1,"twigs:rhyolite":7,"minecraft:stone_bricks":4,"minecraft:mossy_stone_bricks":1,"biomesoplenty:redwood_wood":248,"minecraft:deepslate":5,"minecraft:fern":2},"minecraft:custom":{"minecraft:interact_with_smithing_table":1,"minecraft:interact_with_anvil":1,"minecraft:mob_kills":190,"minecraft:interact_with_crafting_table":24,"minecraft:open_barrel":24,"minecraft:leave_game":2,"minecraft:time_since_death":7860,"minecraft:climb_one_cm":10481,"minecraft:sprint_one_cm":636852,"minecraft:walk_one_cm":601037,"minecraft:drop":33,"minecraft:talked_to_villager":1,"minecraft:play_time":312611,"minecraft:sneak_time":42936,"minecraft:deaths":20,"minecraft:walk_under_water_one_cm":121576,"minecraft:jump":5020,"minecraft:walk_on_water_one_cm":89631,"minecraft:total_world_time":312611,"minecraft:interact_with_furnace":80,"minecraft:sleep_in_bed":5,"minecraft:waystone_activated":1,"minecraft:time_since_rest":7886,"minecraft:damage_taken":10131,"minecraft:damage_absorbed":72,"minecraft:damage_dealt":22409,"minecraft:swim_one_cm":297132,"minecraft:fly_one_cm":1108056,"minecraft:player_kills":2,"minecraft:open_chest":211,"minecraft:crouch_one_cm":149372,"minecraft:fall_one_cm":106505},"minecraft:crafted":{"minecraft:oak_planks":36,"minecraft:cooked_chicken":8,"biomesoplenty:redwood_slab":1527,"minecraft:bone_meal":99,"minecraft:cooked_mutton":5,"minecraft:glass":465,"minecraft:iron_axe":1,"minecraft:melon_seeds":3,"minecraft:stone_pickaxe":1,"minecraft:dark_oak_planks":172,"minecraft:oak_fence":3,"minecraft:golden_boots":2,"minecraft:diamond_sword":1,"minecraft:cooked_porkchop":4,"alexsmobs:cooked_lobster_tail":5,"minecraft:crafting_table":3,"minecraft:spruce_planks":8,"biomesoplenty:redwood_planks":472,"minecraft:wooden_pickaxe":1,"minecraft:baked_potato":40,"minecraft:iron_sword":1,"minecraft:air":0,"minecraft:oak_boat":1,"minecraft:dark_oak_slab":126,"minecraft:stick":18,"quark:oak_chest":2,"minecraft:stone_sword":1,"minecraft:iron_leggings":1,"minecraft:torch":36},"minecraft:killed":{"illagerinvasion:archivist":2,"minecraft:evoker":1,"minecraft:vex":2,"alexsmobs:lobster":9,"minecraft:zombified_piglin":3,"minecraft:witch":1,"minecraft:spider":4,"minecraft:vindicator":9,"illagerinvasion:marauder":3,"minecraft:cod":18,"illagerinvasion:basher":2,"minecraft:skeleton":6,"minecraft:chicken":8,"illagerinvasion:provoker":1,"minecraft:drowned":18,"minecraft:piglin_brute":3,"alexsmobs:flying_fish":20,"illagerinvasion:necromancer":1,"minecraft:magma_cube":35,"minecraft:piglin":6,"minecraft:zombie_villager":2,"illagerinvasion:alchemist":1,"minecraft:creeper":6,"alexsmobs:crimson_mosquito":2,"minecraft:pillager":5,"minecraft:zombie":15,"cataclysm:deepling":1,"minecraft:player":1,"minecraft:enderman":1},"minecraft:used":{"minecraft:oak_fence":2,"minecraft:stone_sword":143,"biomesoplenty:redwood_planks":9,"minecraft:iron_sword":259,"minecraft:rotten_flesh":92,"minecraft:netherrack":1,"minecraft:torch":84,"minecraft:dirt":25,"minecraft:carrot":57,"minecraft:granite":6,"minecraft:glass":427,"minecraft:dark_oak_planks":364,"dragonmounts:dragon_egg":2,"minecraft:iron_axe":254,"alexsmobs:cooked_lobster_tail":6,"minecraft:dark_oak_slab":116,"minecraft:melon_seeds":3,"minecraft:totem_of_undying":1,"minecraft:stone_bricks":4,"delightful:green_tea_leaf":14,"minecraft:basalt":3,"minecraft:bow":19,"minecraft:hay_block":1,"minecraft:potato":6,"minecraft:golden_boots":1,"bygonenether:cobbled_blackstone":5,"minecraft:iron_leggings":1,"biomesoplenty:redwood_slab":1373,"minecraft:golden_axe":1,"minecraft:cooked_mutton":5,"minecraft:wheat_seeds":11,"minecraft:water_bucket":11,"minecraft:damaged_anvil":1,"minecraft:bundle":1,"minecraft:oak_planks":1,"minecraft:stone_pickaxe":131,"minecraft:baked_potato":11,"minecraft:wooden_pickaxe":59,"minecraft:leather_boots":1,"minecraft:polished_blackstone_bricks":12,"delightful:salmonberries":4,"farmersdelight:onion":15,"minecraft:sand":68,"minecraft:oak_slab":2,"minecraft:crafting_table":3,"alexsmobs:flying_fish":4,"waystones:waystone":1,"minecraft:apple":10,"minecraft:cracked_polished_blackstone_bricks":10,"minecraft:bread":19,"minecraft:stone_button":1,"minecraft:string":1,"minecraft:iron_pickaxe":293,"minecraft:stone_axe":176,"blue_skies:cooked_horizofin_tunid":1,"minecraft:diamond_sword":83,"minecraft:cobblestone":69,"minecraft:stripped_crimson_hyphae":1,"minecraft:cooked_porkchop":3,"minecraft:bucket":12,"minecraft:oak_boat":1,"quark:oak_chest":2,"minecraft:bone_meal":64},"minecraft:picked_up":{"minecraft:wheat":1,"illagerinvasion:platinum_chunk":3,"minecraft:chicken":8,"minecraft:smithing_table":1,"minecraft:gold_block":19,"spawnersplus:spawner_fragment":1,"minecraft:string":3,"minecraft:raw_copper":12,"minecraft:moss_carpet":2,"minecraft:iron_shovel":1,"minecraft:pufferfish":1,"alexsmobs:blood_sac":1,"biomesoplenty:redwood_slab":161,"minecraft:tnt_minecart":2,"minecraft:gold_nugget":7,"minecraft:bucket":1,"minecraft:iron_nugget":15,"minecraft:iron_pickaxe":1,"biomesoplenty:redwood_wood":248,"delightful:green_tea_leaf":5,"minecraft:sugar_cane":42,"farmersdelight:cabbage_seeds":5,"minecraft:stripped_crimson_hyphae":2,"minecraft:stick":2,"minecraft:raw_iron":63,"bygonenether:cobbled_blackstone":5,"minecraft:copper_ingot":5,"minecraft:torch":42,"minecraft:polished_blackstone_bricks":12,"minecraft:stone_button":1,"minecraft:carrot":32,"minecraft:redstone":2,"minecraft:cauldron":1,"minecraft:dark_oak_planks":36,"biomesoplenty:redwood_planks":1,"minecraft:arrow":14,"quark:clear_shard":35,"minecraft:rotten_flesh":33,"farmersdelight:onion":1,"minecraft:hay_block":1,"farmersdelight:rope":35,"minecraft:totem_of_undying":1,"biomesoplenty:redwood_sapling":33,"supplementaries:ash":4,"minecraft:cod":17,"alexsmobs:flying_fish":24,"alexsmobs:lobster_tail":6,"minecraft:cobblestone":226,"minecraft:nautilus_shell":1,"minecraft:leather_chestplate":1,"minecraft:feather":4,"minecraft:basalt":5,"minecraft:magma_cream":1,"minecraft:andesite":3,"minecraft:potato":31,"alexsmobs:cachalot_whale_tooth":2,"minecraft:oak_log":58,"minecraft:gunpowder":13,"minecraft:lapis_lazuli":14,"minecraft:dirt":38,"minecraft:bone":20,"minecraft:apple":2,"minecraft:stone_bricks":4,"minecraft:kelp":17,"minecraft:bow":1,"minecraft:wheat_seeds":20,"minecraft:glowstone_dust":2,"minecraft:powered_rail":2,"twigs:twig":42,"minecraft:stone_hoe":1,"minecraft:oak_planks":7,"minecraft:book":1,"biomesoplenty:toadstool":1,"minecraft:oak_slab":2,"minecraft:dark_oak_slab":2,"minecraft:pumpkin":23,"minecraft:gravel":7,"minecraft:sand":21,"minecraft:spruce_sapling":3,"minecraft:ink_sac":10,"minecraft:spruce_log":9,"minecraft:polished_diorite_stairs":1,"minecraft:bundle":1,"biomesoplenty:maple_sapling":18,"minecraft:polished_diorite":3,"minecraft:stone_axe":3,"dragonmounts:dragon_egg":1,"waystones:waystone":1,"minecraft:cracked_polished_blackstone_bricks":10,"minecraft:granite":22,"minecraft:bone_meal":4,"minecraft:golden_apple":1,"minecraft:emerald":19,"minecraft:bread":5,"minecraft:baked_potato":11,"minecraft:netherrack":1,"twigs:rhyolite":8,"minecraft:coal":34,"minecraft:ender_pearl":1},"minecraft:killed_by":{"minecraft:piglin_brute":10,"minecraft:pillager":1,"minecraft:drowned":2,"minecraft:magma_cube":1,"alexsmobs:cachalot_whale":1,"minecraft:vindicator":1,"minecraft:piglin":1,"minecraft:skeleton":1,"alexsmobs:crimson_mosquito":1},"minecraft:broken":{"minecraft:stone_sword":1,"minecraft:wooden_pickaxe":1,"minecraft:stone_pickaxe":1,"minecraft:iron_axe":1,"minecraft:stone_axe":1,"minecraft:iron_sword":1,"minecraft:iron_pickaxe":1,"minecraft:iron_helmet":1},"minecraft:dropped":{"minecraft:wheat_seeds":2,"minecraft:cobblestone":64,"minecraft:granite":8,"minecraft:rail":15,"minecraft:pufferfish":1,"alexsmobs:flying_fish":4,"farmersdelight:onion":1,"minecraft:iron_pickaxe":1,"twigs:twig":15,"minecraft:stone_axe":1,"minecraft:kelp":16,"minecraft:raw_copper":12,"minecraft:oak_planks":6,"minecraft:iron_boots":1,"supplementaries:ash":1,"minecraft:leather_chestplate":1,"minecraft:spruce_planks":1,"minecraft:spruce_log":7,"minecraft:arrow":1}},"DataVersion":3465}