{"stats":{"minecraft:mined":{"minecraft:dark_oak_planks":36,"minecraft:red_nether_bricks":12,"minecraft:brewing_stand":1,"minecraft:granite":22,"minecraft:stripped_crimson_hyphae":2,"minecraft:grass_block":8,"minecraft:cracked_polished_blackstone_bricks":10,"minecraft:polished_diorite":3,"minecraft:spawner":1,"minecraft:polished_blackstone_bricks":16,"minecraft:glowstone":1,"minecraft:iron_ore":70,"minecraft:fire":3,"minecraft:pumpkin":23,"minecraft:moss_carpet":1,"twigs:silt":10,"minecraft:azure_bluet":1,"minecraft:water_cauldron":1,"quark:limestone":2,"minecraft:blackstone":5,"minecraft:kelp_plant":3,"minecraft:crimson_nylium":73,"minecraft:torch":14,"minecraft:glass":11,"minecraft:cobblestone":22,"minecraft:oak_planks":2,"minecraft:sugar_cane":21,"minecraft:wall_torch":10,"minecraft:polished_diorite_stairs":1,"minecraft:powered_rail":2,"minecraft:nether_wart_block":11,"minecraft:wheat":11,"biomesoplenty:maple_leaves":7,"minecraft:grass":69,"biomesoplenty:clover":28,"minecraft:oak_log":64,"minecraft:dirt":30,"minecraft:sand":101,"twigs:rhyolite":7,"minecraft:netherrack":59,"minecraft:oak_leaves":1,"minecraft:deepslate":5,"minecraft:nether_gold_ore":3,"minecraft:nether_bricks":19,"minecraft:spruce_leaves":4,"minecraft:kelp":4,"minecraft:andesite":1,"minecraft:gold_block":20,"minecraft:nether_brick_fence":1,"minecraft:shroomlight":1,"minecraft:stone":202,"minecraft:smithing_table":1,"minecraft:podzol":1,"minecraft:oak_slab":2,"biomesoplenty:redwood_planks":1,"minecraft:soul_sand":1,"minecraft:basalt":5,"minecraft:emerald_ore":3,"minecraft:tall_grass":4,"minecraft:copper_ore":3,"biomesoplenty:huge_clover_petal":8,"dragonmounts:dragon_egg":1,"biomesoplenty:redwood_slab":133,"minecraft:spruce_log":9,"minecraft:coal_ore":32,"minecraft:gravel":8,"minecraft:cobweb":1,"minecraft:stone_bricks":4,"minecraft:mossy_stone_bricks":1,"biomesoplenty:redwood_wood":248,"minecraft:crimson_hyphae":3,"minecraft:fern":2},"minecraft:custom":{"minecraft:interact_with_crafting_table":24,"minecraft:open_barrel":24,"minecraft:leave_game":2,"minecraft:time_since_death":19121,"minecraft:sprint_one_cm":722475,"minecraft:drop":42,"minecraft:talked_to_villager":1,"minecraft:play_time":372611,"minecraft:deaths":29,"minecraft:jump":6057,"minecraft:walk_on_water_one_cm":91036,"minecraft:interact_with_furnace":80,"minecraft:sleep_in_bed":8,"minecraft:waystone_activated":1,"minecraft:damage_dealt":54651,"minecraft:player_kills":2,"minecraft:crouch_one_cm":170007,"minecraft:interact_with_smithing_table":1,"minecraft:mob_kills":262,"minecraft:interact_with_anvil":1,"minecraft:climb_one_cm":10481,"minecraft:walk_one_cm":682414,"minecraft:sneak_time":56211,"minecraft:walk_under_water_one_cm":122571,"minecraft:total_world_time":372611,"minecraft:time_since_rest":15481,"minecraft:damage_taken":13277,"minecraft:damage_absorbed":72,"minecraft:swim_one_cm":304456,"minecraft:fly_one_cm":1291322,"minecraft:open_chest":259,"minecraft:fall_one_cm":139489},"minecraft:crafted":{"minecraft:oak_planks":36,"minecraft:cooked_chicken":8,"biomesoplenty:redwood_slab":1527,"minecraft:cooked_mutton":5,"minecraft:glass":465,"twigs:silt":8,"minecraft:melon_seeds":3,"minecraft:oak_fence":3,"minecraft:golden_boots":2,"minecraft:cooked_porkchop":4,"minecraft:crafting_table":3,"minecraft:spruce_planks":8,"minecraft:wooden_pickaxe":1,"minecraft:baked_potato":40,"minecraft:dark_oak_slab":126,"minecraft:stick":18,"quark:oak_chest":2,"minecraft:stone_sword":1,"minecraft:bone_meal":99,"minecraft:iron_axe":1,"minecraft:stone_pickaxe":1,"minecraft:dark_oak_planks":172,"minecraft:diamond_sword":1,"alexsmobs:cooked_lobster_tail":5,"biomesoplenty:redwood_planks":472,"minecraft:iron_sword":1,"minecraft:air":0,"minecraft:oak_boat":1,"minecraft:iron_leggings":1,"minecraft:torch":36},"minecraft:killed":{"illagerinvasion:archivist":2,"alexsmobs:lobster":9,"minecraft:zombified_piglin":3,"minecraft:witch":1,"minecraft:spider":5,"minecraft:cod":18,"illagerinvasion:basher":2,"minecraft:skeleton":6,"minecraft:chicken":8,"illagerinvasion:provoker":1,"minecraft:piglin_brute":73,"illagerinvasion:necromancer":1,"minecraft:magma_cube":35,"minecraft:piglin":6,"minecraft:zombie_villager":2,"illagerinvasion:alchemist":1,"minecraft:creeper":6,"alexsmobs:crimson_mosquito":2,"minecraft:pillager":5,"minecraft:zombie":16,"cataclysm:deepling":1,"minecraft:evoker":1,"minecraft:vex":2,"minecraft:vindicator":9,"illagerinvasion:marauder":3,"minecraft:drowned":18,"alexsmobs:flying_fish":20,"minecraft:player":1,"minecraft:enderman":1},"minecraft:used":{"minecraft:iron_sword":259,"minecraft:rotten_flesh":92,"minecraft:soul_sand":1,"minecraft:nether_bricks":7,"minecraft:carrot":57,"quark:limestone":2,"minecraft:glass":430,"alexsmobs:cooked_lobster_tail":6,"minecraft:dark_oak_slab":116,"minecraft:stone_bricks":4,"delightful:green_tea_leaf":14,"minecraft:bow":19,"minecraft:hay_block":1,"minecraft:potato":6,"bygonenether:cobbled_blackstone":5,"minecraft:golden_boots":1,"minecraft:damaged_anvil":1,"minecraft:stone_pickaxe":131,"minecraft:oak_planks":1,"minecraft:wooden_pickaxe":59,"minecraft:sand":175,"minecraft:crossbow":14,"waystones:waystone":1,"minecraft:bread":19,"minecraft:string":1,"minecraft:stone_button":1,"minecraft:nether_wart_block":13,"minecraft:diamond_sword":587,"minecraft:oak_boat":1,"minecraft:bone_meal":64,"minecraft:oak_fence":2,"minecraft:stone_sword":143,"biomesoplenty:redwood_planks":9,"minecraft:cooked_chicken":7,"minecraft:netherrack":33,"minecraft:torch":84,"minecraft:dirt":38,"minecraft:crimson_hyphae":1,"minecraft:granite":6,"minecraft:dark_oak_planks":364,"dragonmounts:dragon_egg":2,"minecraft:iron_axe":254,"minecraft:totem_of_undying":1,"twigs:silt":7,"minecraft:melon_seeds":3,"minecraft:basalt":3,"biomesoplenty:redwood_slab":1373,"minecraft:golden_axe":1,"minecraft:iron_leggings":1,"minecraft:wheat_seeds":11,"minecraft:cooked_mutton":5,"minecraft:water_bucket":11,"minecraft:bundle":1,"minecraft:baked_potato":18,"minecraft:red_nether_bricks":11,"minecraft:leather_boots":1,"minecraft:polished_blackstone_bricks":12,"delightful:salmonberries":4,"farmersdelight:onion":15,"minecraft:oak_slab":2,"minecraft:crafting_table":3,"alexsmobs:flying_fish":4,"minecraft:apple":10,"minecraft:cracked_polished_blackstone_bricks":10,"minecraft:iron_pickaxe":481,"minecraft:stone_axe":176,"blue_skies:cooked_horizofin_tunid":1,"minecraft:cobblestone":69,"minecraft:stripped_crimson_hyphae":1,"minecraft:cooked_porkchop":4,"minecraft:bucket":12,"quark:oak_chest":2},"minecraft:picked_up":{"minecraft:wheat":1,"illagerinvasion:platinum_chunk":3,"minecraft:nether_brick_fence":1,"minecraft:smithing_table":1,"spawnersplus:spawner_fragment":1,"minecraft:string":4,"minecraft:raw_copper":12,"minecraft:red_nether_bricks":11,"minecraft:pufferfish":1,"minecraft:shroomlight":1,"minecraft:tnt_minecart":2,"alexsmobs:blood_sac":2,"biomesoplenty:redwood_slab":161,"minecraft:gold_nugget":28,"minecraft:bucket":1,"minecraft:iron_pickaxe":1,"biomesoplenty:redwood_wood":248,"delightful:green_tea_leaf":5,"farmersdelight:cabbage_seeds":5,"minecraft:stick":2,"minecraft:torch":42,"twigs:silt_ball":32,"minecraft:golden_axe":4,"minecraft:cauldron":1,"quark:clear_shard":35,"minecraft:rotten_flesh":33,"farmersdelight:onion":1,"farmersdelight:rope":35,"supplementaries:ash":4,"alexsmobs:lobster_tail":6,"minecraft:cod":17,"alexsmobs:flying_fish":24,"minecraft:cobblestone":226,"minecraft:nautilus_shell":1,"minecraft:crimson_hyphae":1,"minecraft:leather_chestplate":1,"minecraft:feather":4,"minecraft:magma_cream":1,"minecraft:andesite":3,"minecraft:potato":31,"minecraft:lapis_lazuli":14,"minecraft:dirt":46,"minecraft:bone":20,"minecraft:bow":1,"minecraft:wheat_seeds":31,"minecraft:glowstone_dust":2,"minecraft:powered_rail":2,"twigs:twig":42,"minecraft:oak_planks":7,"minecraft:stone_hoe":1,"biomesoplenty:toadstool":1,"minecraft:sand":100,"minecraft:ink_sac":10,"minecraft:bundle":1,"dragonmounts:dragon_egg":1,"waystones:waystone":1,"minecraft:cracked_polished_blackstone_bricks":10,"minecraft:granite":22,"minecraft:bone_meal":4,"minecraft:golden_apple":1,"minecraft:bread":5,"minecraft:emerald":19,"twigs:rhyolite":8,"minecraft:netherrack":86,"minecraft:chicken":8,"minecraft:gold_block":20,"minecraft:moss_carpet":2,"minecraft:iron_shovel":1,"minecraft:iron_nugget":15,"minecraft:sugar_cane":42,"minecraft:raw_iron":63,"minecraft:stripped_crimson_hyphae":2,"bygonenether:cobbled_blackstone":5,"minecraft:copper_ingot":5,"minecraft:polished_blackstone_bricks":14,"minecraft:stone_button":1,"minecraft:carrot":32,"minecraft:redstone":2,"minecraft:dark_oak_planks":36,"biomesoplenty:redwood_planks":1,"minecraft:arrow":14,"minecraft:nether_bricks":12,"minecraft:hay_block":1,"minecraft:totem_of_undying":1,"biomesoplenty:redwood_sapling":33,"minecraft:basalt":5,"alexsmobs:cachalot_whale_tooth":2,"minecraft:oak_log":58,"minecraft:nether_wart_block":11,"minecraft:gunpowder":13,"quark:limestone":2,"minecraft:apple":2,"minecraft:stone_bricks":4,"minecraft:kelp":17,"minecraft:soul_sand":1,"minecraft:book":1,"minecraft:oak_slab":2,"minecraft:dark_oak_slab":2,"minecraft:pumpkin":23,"minecraft:gravel":7,"minecraft:spruce_sapling":3,"minecraft:spruce_log":9,"minecraft:polished_diorite_stairs":1,"biomesoplenty:maple_sapling":18,"minecraft:stone_axe":3,"minecraft:polished_diorite":3,"minecraft:baked_potato":11,"minecraft:coal":34,"minecraft:ender_pearl":1},"minecraft:killed_by":{"minecraft:ghast":2,"minecraft:piglin_brute":15,"minecraft:pillager":1,"minecraft:drowned":2,"minecraft:magma_cube":1,"alexsmobs:cachalot_whale":1,"minecraft:vindicator":1,"minecraft:piglin":1,"minecraft:skeleton":1,"alexsmobs:crimson_mosquito":1},"minecraft:broken":{"aether:golden_gloves":1,"minecraft:stone_pickaxe":1,"minecraft:stone_axe":1,"minecraft:iron_sword":1,"minecraft:stone_sword":1,"minecraft:wooden_pickaxe":1,"minecraft:iron_axe":1,"minecraft:iron_pickaxe":1,"minecraft:iron_helmet":1},"minecraft:dropped":{"minecraft:iron_sword":1,"minecraft:baked_potato":24,"minecraft:rail":15,"alexsmobs:flying_fish":4,"farmersdelight:onion":1,"minecraft:sand":60,"minecraft:iron_pickaxe":1,"twigs:twig":15,"minecraft:stone_axe":1,"minecraft:cooked_chicken":1,"minecraft:oak_planks":6,"minecraft:leather_chestplate":1,"supplementaries:ash":1,"minecraft:arrow":1,"minecraft:wheat_seeds":2,"minecraft:iron_helmet":1,"minecraft:cobblestone":64,"minecraft:granite":8,"minecraft:pufferfish":1,"minecraft:iron_leggings":1,"minecraft:kelp":16,"minecraft:raw_copper":12,"minecraft:iron_boots":2,"minecraft:spruce_planks":1,"minecraft:iron_chestplate":1,"minecraft:spruce_log":7,"minecraft:stone_pickaxe":1}},"DataVersion":3465}