{"stats":{"minecraft:mined":{"minecraft:dark_oak_log":207,"minecraft:granite":3,"minecraft:stripped_crimson_hyphae":1,"minecraft:grass_block":3,"minecraft:spruce_leaves":2,"minecraft:large_fern":3,"minecraft:hay_block":14,"minecraft:iron_ore":43,"minecraft:andesite":8,"diagonalfences:minecraft/dark_oak_fence":1,"biomesoplenty:redwood_log":71,"minecraft:deepslate_iron_ore":4,"amendments:wall_lantern":4,"minecraft:stone":49,"twigs:opaline_seashell":1,"minecraft:podzol":5,"twigs:pebble":1,"biomesoplenty:redwood_planks":5,"quark:oak_chest":1,"minecraft:kelp_plant":1,"minecraft:crafting_table":1,"minecraft:torch":1,"minecraft:cobblestone":12,"minecraft:deepslate_gold_ore":1,"minecraft:lapis_ore":21,"minecraft:damaged_anvil":1,"dragonmounts:dragon_egg":1,"delightful:wild_salmonberries":2,"minecraft:diorite":2,"supplementaries:urn":1,"biomesoplenty:redwood_slab":6,"minecraft:nether_wart_block":1,"minecraft:birch_log":84,"biomesoplenty:maple_leaves":1,"minecraft:grass":27,"biomesoplenty:clover":2,"minecraft:coal_ore":9,"minecraft:oak_log":59,"minecraft:dirt":3,"minecraft:sand":1008,"minecraft:cobweb":1,"twigs:rhyolite":1,"minecraft:stone_bricks":5,"minecraft:netherrack":12,"biomesoplenty:redwood_wood":335,"minecraft:fern":8},"minecraft:custom":{"minecraft:interact_with_smithing_table":1,"minecraft:interact_with_anvil":1,"minecraft:mob_kills":39,"minecraft:interact_with_crafting_table":38,"minecraft:open_barrel":9,"minecraft:leave_game":5,"minecraft:time_since_death":1893,"minecraft:climb_one_cm":8030,"minecraft:sprint_one_cm":671097,"minecraft:walk_one_cm":438690,"minecraft:drop":81,"minecraft:play_time":237854,"minecraft:deaths":18,"minecraft:sneak_time":8792,"minecraft:walk_under_water_one_cm":67811,"minecraft:jump":2411,"minecraft:walk_on_water_one_cm":109383,"minecraft:total_world_time":237854,"minecraft:interact_with_furnace":29,"minecraft:sleep_in_bed":4,"minecraft:time_since_rest":1926,"minecraft:damage_taken":8046,"minecraft:damage_dealt":7460,"minecraft:swim_one_cm":125357,"minecraft:fly_one_cm":495060,"minecraft:open_chest":122,"minecraft:crouch_one_cm":18848,"minecraft:fish_caught":1,"minecraft:fall_one_cm":52291},"minecraft:killed":{"minecraft:spider":2,"illagerinvasion:marauder":1,"minecraft:skeleton":8,"illagerinvasion:provoker":2,"minecraft:drowned":4,"cataclysm:deepling_angler":1,"minecraft:creeper":1,"minecraft:squid":1,"alexsmobs:crimson_mosquito":2,"minecraft:sheep":4,"minecraft:trader_llama":2,"minecraft:pillager":1,"minecraft:zombie":7},"minecraft:crafted":{"minecraft:oak_planks":32,"minecraft:furnace":3,"biomesoplenty:redwood_slab":240,"minecraft:iron_axe":3,"minecraft:dark_oak_planks":268,"everycomp:q/biomesoplenty/redwood_chest":1,"minecraft:crafting_table":1,"biomesoplenty:redwood_planks":512,"minecraft:baked_potato":30,"minecraft:bucket":2,"minecraft:stone_axe":2,"minecraft:bread":28,"minecraft:air":0,"minecraft:iron_chestplate":1,"minecraft:stick":16,"quark:oak_chest":3,"minecraft:iron_ingot":36,"minecraft:iron_pickaxe":2,"minecraft:iron_shovel":4,"minecraft:torch":12},"minecraft:used":{"minecraft:iron_shovel":1000,"biomesoplenty:redwood_planks":5,"minecraft:iron_sword":164,"minecraft:netherrack":11,"minecraft:rotten_flesh":4,"minecraft:iron_chestplate":1,"minecraft:torch":2,"minecraft:dirt":4,"minecraft:carrot":3,"minecraft:granite":2,"dragonmounts:dragon_egg":1,"minecraft:iron_axe":825,"minecraft:lantern":5,"biomesoplenty:redwood_wood":3,"minecraft:bow":13,"minecraft:furnace":3,"minecraft:cooked_cod":18,"biomesoplenty:redwood_slab":165,"minecraft:mossy_stone_bricks":1,"minecraft:water_bucket":67,"minecraft:baked_potato":5,"minecraft:oak_planks":1,"delightful:salmonberries":1,"minecraft:sand":5,"minecraft:crafting_table":2,"minecraft:oak_log":1,"minecraft:apple":29,"minecraft:bread":18,"minecraft:iron_pickaxe":179,"everycomp:q/biomesoplenty/redwood_chest":1,"minecraft:stone_axe":24,"minecraft:fishing_rod":2,"minecraft:cobblestone":6,"minecraft:stripped_crimson_hyphae":1,"minecraft:dark_oak_fence":1,"minecraft:bucket":67,"quark:oak_chest":4},"minecraft:picked_up":{"biomesoplenty:redwood_log":63,"minecraft:crafting_table":1,"illagerinvasion:platinum_chunk":2,"minecraft:anvil":1,"twigs:roseate_seashell":1,"minecraft:lead":3,"biomesoplenty:orange_autumn_sapling":28,"minecraft:brewing_stand":1,"minecraft:string":7,"minecraft:raw_copper":12,"biomesoplenty:yellow_autumn_sapling":12,"minecraft:flint_and_steel":1,"twigs:opaline_seashell":1,"minecraft:gold_nugget":3,"alexsmobs:blood_sac":1,"biomesoplenty:redwood_slab":23,"minecraft:detector_rail":3,"minecraft:cobbled_deepslate":3,"twigs:pebble":4,"minecraft:iron_pickaxe":1,"biomesoplenty:redwood_wood":321,"delightful:green_tea_leaf":7,"minecraft:spruce_trapdoor":4,"minecraft:iron_boots":1,"minecraft:egg":2,"minecraft:stick":2,"minecraft:raw_iron":50,"minecraft:stripped_crimson_hyphae":1,"minecraft:sandstone":1,"minecraft:torch":2,"minecraft:golden_axe":1,"minecraft:diorite":2,"minecraft:redstone":4,"biomesoplenty:redwood_planks":5,"minecraft:arrow":13,"minecraft:rotten_flesh":14,"minecraft:beetroot_seeds":9,"minecraft:hay_block":11,"biomesoplenty:redwood_sapling":35,"supplementaries:ash":8,"minecraft:cod":1,"minecraft:white_wool":3,"minecraft:rail":15,"minecraft:cobblestone":85,"minecraft:birch_log":76,"minecraft:leather_chestplate":1,"minecraft:andesite":8,"minecraft:red_mushroom":6,"minecraft:oak_log":39,"supplementaries:flax_seeds":3,"minecraft:nether_wart_block":2,"minecraft:lapis_lazuli":136,"minecraft:dirt":19,"minecraft:lantern":5,"minecraft:cooked_mutton":7,"minecraft:bone":7,"minecraft:apple":5,"minecraft:stone_bricks":4,"minecraft:kelp":2,"minecraft:bow":2,"minecraft:wheat_seeds":11,"minecraft:raw_gold":1,"minecraft:mossy_stone_bricks":1,"twigs:twig":33,"minecraft:oak_planks":1,"twigs:bronzed_seashell":2,"minecraft:sand":1008,"minecraft:spruce_sapling":2,"minecraft:ink_sac":1,"delightful:salmonberries":8,"quark:oak_chest":1,"minecraft:dark_oak_log":194,"minecraft:spider_eye":1,"biomesoplenty:maple_sapling":2,"minecraft:stone_axe":1,"dragonmounts:dragon_egg":1,"minecraft:granite":2,"minecraft:netherrack":11,"minecraft:emerald":7,"minecraft:damaged_anvil":1,"minecraft:oak_sapling":2,"twigs:rhyolite":1,"minecraft:melon_seeds":2,"minecraft:black_wool":1,"minecraft:dark_oak_fence":1,"minecraft:coal":8},"minecraft:killed_by":{"minecraft:piglin_brute":3,"illagerinvasion:basher":1,"minecraft:pillager":2,"minecraft:drowned":2,"alexsmobs:cachalot_whale":1,"minecraft:vindicator":6,"minecraft:skeleton":1},"minecraft:broken":{"minecraft:iron_shovel":4,"minecraft:leather_chestplate":1,"minecraft:iron_axe":3},"minecraft:dropped":{"minecraft:stone_hoe":1,"minecraft:bread":18,"minecraft:wheat_seeds":1,"minecraft:baked_potato":11,"biomesoplenty:redwood_slab":1,"minecraft:rail":15,"minecraft:dirt":9,"minecraft:torch":12,"minecraft:iron_pickaxe":2,"minecraft:string":6,"twigs:opaline_seashell":1,"minecraft:spruce_sapling":1,"minecraft:redstone":4,"minecraft:stone_axe":3,"minecraft:detector_rail":3,"minecraft:flint_and_steel":1,"supplementaries:flax_seeds":3,"supplementaries:ash":4,"minecraft:melon_seeds":2,"minecraft:beetroot_seeds":9}},"DataVersion":3465}