{"stats":{"minecraft:mined":{"biomesoplenty:glowing_moss_block":1,"biomesoplenty:glowshroom":3,"minecraft:red_nether_bricks":1,"minecraft:dark_oak_log":207,"minecraft:nether_bricks":1,"minecraft:granite":3,"minecraft:stripped_crimson_hyphae":1,"minecraft:grass_block":6,"minecraft:redstone_wire":1,"biomesoplenty:eyebulb":1,"minecraft:spruce_leaves":2,"minecraft:red_mushroom":50,"minecraft:chiseled_stone_bricks":1,"minecraft:crimson_stem":3,"minecraft:spawner":2,"minecraft:large_fern":3,"minecraft:hay_block":14,"minecraft:carrots":20,"minecraft:iron_ore":43,"minecraft:andesite":8,"twigs:silt":5,"minecraft:nether_brick_fence":2,"minecraft:vine":1,"minecraft:potatoes":2,"diagonalfences:minecraft/dark_oak_fence":1,"biomesoplenty:redwood_log":71,"minecraft:deepslate_iron_ore":4,"amendments:wall_lantern":4,"minecraft:stone":51,"twigs:opaline_seashell":1,"minecraft:podzol":5,"twigs:pebble":1,"biomesoplenty:redwood_planks":5,"minecraft:brown_mushroom":2,"minecraft:glass_pane":1,"quark:oak_chest":1,"minecraft:kelp_plant":1,"minecraft:crimson_nylium":2,"minecraft:crafting_table":1,"minecraft:torch":1,"minecraft:tall_grass":1,"minecraft:cobblestone":12,"minecraft:deepslate_gold_ore":1,"minecraft:lapis_ore":21,"delightful:wild_salmonberries":2,"minecraft:damaged_anvil":1,"dragonmounts:dragon_egg":1,"minecraft:diorite":2,"supplementaries:urn":1,"biomesoplenty:redwood_slab":6,"minecraft:nether_wart_block":3,"minecraft:birch_log":84,"minecraft:wheat":5,"biomesoplenty:maple_leaves":1,"minecraft:grass":30,"biomesoplenty:clover":2,"minecraft:oak_log":59,"minecraft:coal_ore":9,"minecraft:gravel":2,"minecraft:sand":1042,"minecraft:dirt":8,"minecraft:cobweb":1,"twigs:rhyolite":1,"minecraft:stone_bricks":7,"biomesoplenty:redwood_wood":335,"minecraft:netherrack":12,"minecraft:fern":8},"minecraft:custom":{"minecraft:interact_with_smithing_table":1,"minecraft:interact_with_anvil":4,"minecraft:mob_kills":51,"minecraft:animals_bred":1,"minecraft:interact_with_crafting_table":38,"minecraft:open_barrel":13,"minecraft:leave_game":6,"minecraft:time_since_death":2189,"minecraft:climb_one_cm":8532,"minecraft:sprint_one_cm":869134,"minecraft:walk_one_cm":556272,"minecraft:drop":81,"minecraft:talked_to_villager":1,"minecraft:play_time":293002,"minecraft:sneak_time":12066,"minecraft:deaths":29,"minecraft:walk_under_water_one_cm":77144,"minecraft:boat_one_cm":13913,"minecraft:jump":3193,"minecraft:walk_on_water_one_cm":119887,"minecraft:total_world_time":293002,"minecraft:interact_with_furnace":37,"minecraft:sleep_in_bed":5,"minecraft:time_since_rest":2211,"minecraft:damage_taken":12312,"minecraft:damage_dealt":9641,"minecraft:swim_one_cm":144054,"minecraft:fly_one_cm":638774,"minecraft:open_chest":152,"minecraft:crouch_one_cm":23741,"minecraft:fish_caught":1,"minecraft:fall_one_cm":88765},"minecraft:killed":{"minecraft:spider":2,"illagerinvasion:marauder":1,"minecraft:skeleton":10,"minecraft:chicken":1,"illagerinvasion:provoker":2,"minecraft:drowned":4,"minecraft:piglin_brute":3,"cataclysm:deepling_angler":1,"minecraft:pig":4,"minecraft:creeper":1,"minecraft:squid":1,"alexsmobs:crimson_mosquito":2,"alexsmobs:emu":1,"minecraft:sheep":5,"minecraft:trader_llama":2,"minecraft:pillager":1,"minecraft:zombie":7},"minecraft:crafted":{"minecraft:oak_planks":32,"minecraft:furnace":3,"biomesoplenty:redwood_slab":240,"twigs:silt":2,"minecraft:iron_axe":3,"minecraft:dark_oak_planks":268,"everycomp:q/biomesoplenty/redwood_chest":1,"minecraft:cooked_cod":1,"minecraft:cooked_porkchop":5,"minecraft:crafting_table":1,"biomesoplenty:redwood_planks":512,"minecraft:baked_potato":39,"minecraft:bucket":2,"minecraft:stone_axe":2,"minecraft:bread":28,"minecraft:air":0,"minecraft:iron_chestplate":1,"minecraft:stick":16,"quark:oak_chest":3,"minecraft:iron_ingot":36,"minecraft:iron_pickaxe":2,"minecraft:iron_shovel":4,"minecraft:torch":12},"minecraft:used":{"minecraft:nether_brick_fence":2,"minecraft:iron_shovel":1000,"biomesoplenty:redwood_planks":5,"minecraft:iron_sword":274,"minecraft:netherrack":16,"minecraft:rotten_flesh":4,"minecraft:iron_chestplate":3,"minecraft:torch":2,"minecraft:dirt":12,"minecraft:carrot":32,"minecraft:granite":2,"minecraft:snowball":1,"dragonmounts:dragon_egg":1,"minecraft:iron_axe":825,"minecraft:lantern":5,"biomesoplenty:redwood_wood":3,"minecraft:iron_helmet":2,"minecraft:iron_boots":2,"minecraft:bow":13,"minecraft:furnace":3,"minecraft:cooked_cod":19,"minecraft:potato":3,"biomesoplenty:redwood_slab":165,"minecraft:iron_leggings":2,"minecraft:wheat_seeds":4,"minecraft:water_bucket":67,"minecraft:mossy_stone_bricks":1,"minecraft:stone_pickaxe":24,"minecraft:baked_potato":6,"minecraft:oak_planks":1,"delightful:salmonberries":1,"farmersdelight:onion":2,"minecraft:sand":51,"minecraft:crafting_table":2,"minecraft:oak_log":1,"minecraft:apple":29,"minecraft:bread":18,"minecraft:iron_pickaxe":179,"minecraft:gravel":2,"everycomp:q/biomesoplenty/redwood_chest":1,"minecraft:stone_axe":24,"minecraft:nether_wart_block":1,"minecraft:fishing_rod":2,"minecraft:cobblestone":8,"minecraft:stripped_crimson_hyphae":1,"minecraft:cooked_porkchop":2,"minecraft:porkchop":2,"minecraft:dark_oak_fence":1,"minecraft:bucket":67,"quark:oak_chest":4},"minecraft:picked_up":{"biomesoplenty:redwood_log":63,"minecraft:iron_chestplate":1,"minecraft:crafting_table":1,"minecraft:wheat":2,"illagerinvasion:platinum_chunk":2,"minecraft:chicken":1,"minecraft:nether_brick_fence":2,"minecraft:anvil":1,"twigs:roseate_seashell":1,"minecraft:brown_mushroom":4,"minecraft:lead":3,"biomesoplenty:orange_autumn_sapling":28,"minecraft:brewing_stand":1,"spawnersplus:spawner_fragment":2,"minecraft:string":8,"minecraft:raw_copper":12,"biomesoplenty:yellow_autumn_sapling":12,"minecraft:flint_and_steel":1,"minecraft:iron_leggings":1,"twigs:opaline_seashell":1,"minecraft:gold_nugget":16,"alexsmobs:blood_sac":1,"biomesoplenty:redwood_slab":23,"minecraft:detector_rail":3,"minecraft:cobbled_deepslate":3,"twigs:pebble":6,"minecraft:iron_pickaxe":1,"biomesoplenty:redwood_wood":321,"delightful:green_tea_leaf":7,"minecraft:spruce_trapdoor":4,"minecraft:iron_boots":2,"minecraft:egg":2,"minecraft:stick":2,"minecraft:raw_iron":50,"minecraft:stripped_crimson_hyphae":1,"minecraft:sandstone":1,"minecraft:bamboo_slab":1,"minecraft:torch":3,"twigs:silt_ball":28,"minecraft:porkchop":7,"minecraft:golden_axe":4,"minecraft:diorite":2,"minecraft:carrot":72,"minecraft:redstone":5,"biomesoplenty:redwood_planks":5,"minecraft:arrow":15,"minecraft:rotten_flesh":14,"minecraft:beetroot_seeds":9,"minecraft:nether_bricks":7,"minecraft:hay_block":11,"minecraft:gold_ingot":1,"biomesoplenty:redwood_sapling":35,"supplementaries:ash":13,"minecraft:mutton":1,"minecraft:cod":1,"minecraft:white_wool":4,"minecraft:rail":15,"minecraft:cobblestone":87,"minecraft:crimson_hyphae":2,"minecraft:birch_log":76,"minecraft:feather":1,"minecraft:leather_chestplate":1,"minecraft:crimson_stem":3,"minecraft:andesite":8,"biomesoplenty:glowshroom":3,"minecraft:red_mushroom":51,"minecraft:potato":6,"minecraft:oak_log":39,"supplementaries:flax_seeds":3,"minecraft:nether_wart_block":3,"minecraft:lapis_lazuli":136,"minecraft:dirt":27,"minecraft:lantern":5,"minecraft:cooked_mutton":7,"minecraft:bone":9,"minecraft:apple":5,"minecraft:stone_bricks":6,"minecraft:kelp":2,"minecraft:bow":3,"minecraft:wheat_seeds":19,"minecraft:raw_gold":1,"minecraft:stone_pickaxe":1,"minecraft:iron_sword":1,"minecraft:mossy_stone_bricks":1,"twigs:twig":33,"minecraft:oak_planks":1,"minecraft:birch_boat":1,"minecraft:chiseled_stone_bricks":1,"minecraft:gravel":11,"twigs:bronzed_seashell":2,"minecraft:sand":1101,"minecraft:spruce_sapling":2,"minecraft:ink_sac":1,"delightful:salmonberries":8,"biomesoplenty:glowing_moss_block":1,"minecraft:dark_oak_log":194,"quark:oak_chest":1,"minecraft:spider_eye":1,"biomesoplenty:maple_sapling":2,"minecraft:stone_axe":1,"dragonmounts:dragon_egg":1,"minecraft:iron_helmet":1,"minecraft:granite":2,"minecraft:black_wool":1,"minecraft:emerald":7,"minecraft:damaged_anvil":1,"minecraft:oak_sapling":2,"twigs:rhyolite":1,"minecraft:melon_seeds":2,"minecraft:netherrack":47,"minecraft:dark_oak_fence":1,"minecraft:coal":8},"minecraft:killed_by":{"minecraft:piglin_brute":6,"illagerinvasion:basher":1,"minecraft:pillager":2,"minecraft:drowned":2,"alexsmobs:cachalot_whale":1,"cataclysm:deepling":1,"minecraft:vindicator":6,"minecraft:skeleton":2,"alexsmobs:rhinoceros":1},"minecraft:broken":{"minecraft:iron_shovel":4,"minecraft:leather_chestplate":1,"minecraft:iron_axe":3,"minecraft:iron_helmet":1},"minecraft:dropped":{"minecraft:stone_hoe":1,"minecraft:bread":18,"minecraft:wheat_seeds":1,"minecraft:baked_potato":11,"biomesoplenty:redwood_slab":1,"minecraft:rail":15,"minecraft:dirt":9,"minecraft:torch":12,"minecraft:iron_pickaxe":2,"minecraft:string":6,"twigs:opaline_seashell":1,"minecraft:spruce_sapling":1,"minecraft:redstone":4,"minecraft:stone_axe":3,"minecraft:detector_rail":3,"minecraft:flint_and_steel":1,"supplementaries:flax_seeds":3,"supplementaries:ash":4,"minecraft:beetroot_seeds":9,"minecraft:melon_seeds":2}},"DataVersion":3465}