{"stats":{"minecraft:mined":{"minecraft:dark_oak_planks":1,"minecraft:white_bed":5,"minecraft:obsidian":21,"minecraft:spruce_trapdoor":4,"minecraft:granite":25,"minecraft:grass_block":4,"minecraft:chiseled_stone_bricks":2,"minecraft:spawner":1,"minecraft:polished_blackstone_bricks":1,"minecraft:iron_ore":45,"minecraft:barrel":4,"minecraft:pumpkin":8,"minecraft:deepslate_lapis_ore":9,"minecraft:anvil":1,"minecraft:azure_bluet":1,"biomesoplenty:glowshroom_block":3,"minecraft:cave_vines":3,"biomesoplenty:redwood_log":29,"diagonalfences:minecraft/dark_oak_fence":11,"amendments:wall_lantern":5,"minecraft:clay":1,"minecraft:torch":8,"minecraft:melon":1,"minecraft:chest":2,"minecraft:mushroom_stem":3,"minecraft:cobblestone":27,"minecraft:grindstone":1,"minecraft:sugar_cane":1,"minecraft:oak_planks":2,"minecraft:wall_torch":6,"minecraft:skeleton_skull":1,"minecraft:red_candle":2,"biomesoplenty:maple_leaves":1,"minecraft:grass":145,"biomesoplenty:clover":113,"minecraft:dirt":3,"twigs:rhyolite":2,"minecraft:netherrack":12,"minecraft:deepslate":66,"biomesoplenty:glowing_moss_block":1,"biomesoplenty:orange_autumn_leaves":1,"minecraft:mossy_cobblestone":9,"minecraft:deepslate_diamond_ore":3,"minecraft:spruce_leaves":8,"minecraft:moss_block":7,"minecraft:red_mushroom":4,"minecraft:hay_block":7,"minecraft:furnace":2,"minecraft:andesite":9,"biomesoplenty:flesh":2,"minecraft:gold_block":2,"minecraft:nether_brick_fence":2,"minecraft:bookshelf":4,"minecraft:deepslate_iron_ore":31,"minecraft:vine":2,"minecraft:lantern":7,"minecraft:stone":180,"minecraft:podzol":2,"twigs:pebble":1,"biomesoplenty:redwood_planks":1,"minecraft:crafting_table":6,"minecraft:emerald_ore":22,"minecraft:tall_grass":8,"minecraft:copper_ore":2,"minecraft:deepslate_coal_ore":5,"biomesoplenty:huge_clover_petal":53,"minecraft:deepslate_gold_ore":10,"minecraft:diorite":21,"supplementaries:urn":1,"minecraft:birch_planks":1,"minecraft:spruce_log":3,"minecraft:birch_leaves":1,"minecraft:coal_ore":92,"quark:spruce_chest":1,"minecraft:cobweb":1,"minecraft:gold_ore":3,"biomesoplenty:redwood_wood":4,"minecraft:fern":1},"minecraft:custom":{"minecraft:animals_bred":5,"minecraft:interact_with_crafting_table":55,"minecraft:open_barrel":41,"minecraft:leave_game":7,"minecraft:time_since_death":15512,"minecraft:sprint_one_cm":761222,"minecraft:drop":67,"minecraft:play_time":274814,"minecraft:deaths":26,"minecraft:jump":6129,"minecraft:interact_with_brewingstand":1,"minecraft:walk_on_water_one_cm":90412,"minecraft:interact_with_furnace":75,"minecraft:sleep_in_bed":3,"minecraft:waystone_activated":1,"minecraft:damage_dealt":13285,"minecraft:crouch_one_cm":14922,"minecraft:interact_with_anvil":1,"minecraft:mob_kills":62,"minecraft:climb_one_cm":13827,"minecraft:walk_one_cm":494630,"minecraft:sneak_time":5576,"minecraft:walk_under_water_one_cm":28979,"minecraft:total_world_time":274814,"minecraft:interact_with_grindstone":1,"minecraft:interact_with_stonecutter":2,"minecraft:time_since_rest":3481,"minecraft:damage_taken":12380,"twilightforest:life_charms_activated":1,"minecraft:swim_one_cm":171427,"minecraft:fly_one_cm":1323072,"minecraft:open_chest":299,"minecraft:fish_caught":3,"minecraft:fall_one_cm":180234},"minecraft:crafted":{"minecraft:birch_boat":2,"minecraft:stone":3,"minecraft:cooked_mutton":3,"minecraft:bow":2,"minecraft:iron_boots":4,"minecraft:chest":1,"minecraft:stone_hoe":1,"everycomp:q/biomesoplenty/redwood_chest":2,"minecraft:golden_axe":1,"minecraft:crafting_table":4,"minecraft:spruce_planks":40,"minecraft:iron_helmet":4,"minecraft:birch_planks":80,"minecraft:iron_chestplate":3,"minecraft:diamond_pickaxe":1,"minecraft:stick":86,"minecraft:iron_ingot":80,"minecraft:iron_pickaxe":4,"minecraft:stone_sword":2,"minecraft:gold_ingot":28,"minecraft:furnace":3,"minecraft:bone_meal":9,"minecraft:dark_oak_fence":39,"minecraft:iron_axe":1,"minecraft:stone_pickaxe":4,"backpacked:backpack":1,"quark:spruce_chest":4,"minecraft:dark_oak_planks":80,"minecraft:wheat":180,"minecraft:cooked_beef":19,"biomesoplenty:redwood_planks":16,"minecraft:iron_sword":2,"minecraft:bucket":2,"minecraft:stone_axe":2,"minecraft:bread":32,"minecraft:air":0,"aether:iron_gloves":1,"minecraft:iron_leggings":3,"minecraft:stonecutter":1,"minecraft:white_bed":1,"minecraft:torch":28},"minecraft:killed":{"minecraft:zombified_piglin":1,"minecraft:spider":3,"minecraft:skeleton":7,"illagerinvasion:provoker":1,"minecraft:piglin":1,"minecraft:pig":1,"minecraft:zombie_villager":1,"minecraft:creeper":3,"alexsmobs:crimson_mosquito":1,"minecraft:sheep":3,"minecraft:pillager":4,"minecraft:zombie":24,"minecraft:cow":5,"minecraft:evoker":1,"minecraft:vindicator":2,"minecraft:squid":2,"alexsmobs:crocodile":1,"minecraft:enderman":1},"minecraft:used":{"minecraft:nether_brick_fence":2,"minecraft:chest":3,"minecraft:iron_sword":148,"minecraft:rotten_flesh":2,"minecraft:iron_chestplate":3,"minecraft:mutton":4,"minecraft:nether_bricks":1,"minecraft:carrot":6,"minecraft:axolotl_bucket":4,"minecraft:snowball":1,"minecraft:obsidian":14,"minecraft:lantern":10,"minecraft:iron_helmet":3,"minecraft:stone_bricks":4,"minecraft:bow":16,"minecraft:oak_sapling":4,"minecraft:furnace":5,"biomesoplenty:flesh":2,"minecraft:diorite":7,"minecraft:stone_pickaxe":379,"minecraft:oak_planks":1,"minecraft:glow_berries":4,"biomesoplenty:rainbow_birch_sapling":1,"minecraft:melon_slice":1,"minecraft:bread":66,"minecraft:diamond_sword":1,"minecraft:dark_oak_fence":40,"minecraft:andesite":9,"minecraft:bone_meal":9,"minecraft:stone_sword":133,"minecraft:flint_and_steel":1,"biomesoplenty:redwood_planks":19,"biomesoplenty:glowshroom":2,"minecraft:stone_hoe":110,"minecraft:netherrack":20,"minecraft:torch":55,"minecraft:dirt":5,"twigs:rhyolite":1,"minecraft:granite":23,"minecraft:dark_oak_planks":1,"quark:spruce_chest":5,"minecraft:iron_axe":2,"minecraft:iron_boots":3,"minecraft:totem_of_undying":1,"minecraft:barrel":4,"minecraft:cooked_beef":19,"minecraft:cobbled_deepslate":8,"minecraft:pumpkin":1,"minecraft:golden_axe":1,"minecraft:iron_leggings":3,"minecraft:wheat_seeds":31,"minecraft:cooked_mutton":10,"minecraft:water_bucket":9,"minecraft:birch_planks":2,"minecraft:red_nether_bricks":2,"minecraft:birch_boat":2,"minecraft:stonecutter":1,"minecraft:leather_boots":1,"minecraft:polished_blackstone_bricks":1,"minecraft:mossy_cobblestone":8,"minecraft:tnt":2,"minecraft:crafting_table":7,"minecraft:white_bed":6,"biomesoplenty:orange_autumn_sapling":5,"minecraft:oak_log":1,"minecraft:diamond_pickaxe":23,"minecraft:apple":2,"minecraft:iron_pickaxe":394,"biomesoplenty:toadstool":2,"everycomp:q/biomesoplenty/redwood_chest":2,"minecraft:stone_axe":100,"minecraft:chiseled_stone_bricks":2,"minecraft:fishing_rod":5,"minecraft:cobblestone":34,"minecraft:bucket":14},"minecraft:picked_up":{"minecraft:wheat":4,"illagerinvasion:platinum_chunk":2,"minecraft:nether_brick_fence":2,"minecraft:anvil":1,"spawnersplus:spawner_fragment":1,"minecraft:string":9,"minecraft:raw_copper":8,"minecraft:red_nether_bricks":2,"minecraft:red_candle":6,"minecraft:pufferfish":2,"minecraft:gold_nugget":10,"minecraft:cobbled_deepslate":74,"minecraft:bucket":1,"minecraft:spruce_planks":1,"twigs:pebble":3,"minecraft:iron_pickaxe":1,"delightful:green_tea_leaf":2,"biomesoplenty:redwood_wood":4,"minecraft:melon_slice":4,"minecraft:furnace":2,"minecraft:torch":15,"minecraft:porkchop":3,"minecraft:diorite":23,"minecraft:rotten_flesh":21,"farmersdelight:onion":3,"supplementaries:ash":7,"minecraft:obsidian":20,"minecraft:cobblestone":282,"minecraft:cod":1,"alexsmobs:flying_fish":1,"minecraft:andesite":7,"biomesoplenty:glowshroom":2,"minecraft:potato":7,"minecraft:flint":1,"supplementaries:flax_seeds":3,"minecraft:lapis_lazuli":61,"minecraft:dirt":9,"minecraft:lantern":11,"minecraft:bone":10,"minecraft:wheat_seeds":24,"minecraft:raw_gold":11,"minecraft:grindstone":1,"minecraft:moss_block":3,"twigs:twig":19,"minecraft:oak_planks":4,"biomesoplenty:toadstool":2,"minecraft:ink_sac":2,"minecraft:barrel":4,"minecraft:mossy_cobblestone":8,"minecraft:diamond":3,"waystones:waystone":1,"minecraft:granite":26,"minecraft:bread":13,"minecraft:emerald":26,"minecraft:oak_sapling":4,"twigs:rhyolite":1,"minecraft:netherrack":20,"minecraft:dark_oak_fence":11,"biomesoplenty:redwood_log":30,"minecraft:crafting_table":6,"minecraft:azure_bluet":2,"minecraft:clay_ball":16,"biomesoplenty:flesh":2,"minecraft:gold_block":2,"minecraft:moss_carpet":2,"minecraft:flint_and_steel":1,"minecraft:item_frame":1,"quark:spruce_chest":2,"minecraft:detector_rail":3,"minecraft:beef":8,"minecraft:sugar_cane":3,"minecraft:chest":2,"minecraft:spruce_trapdoor":4,"minecraft:raw_iron":111,"minecraft:polished_blackstone_bricks":1,"farmersdelight:tomato_seeds":10,"minecraft:carrot":16,"minecraft:redstone":4,"minecraft:dark_oak_planks":10,"biomesoplenty:redwood_planks":1,"minecraft:arrow":12,"minecraft:beetroot_seeds":18,"minecraft:nether_bricks":1,"minecraft:hay_block":9,"minecraft:black_banner":2,"minecraft:totem_of_undying":1,"biomesoplenty:redwood_sapling":11,"minecraft:rail":15,"minecraft:mutton":3,"minecraft:skeleton_skull":1,"minecraft:white_wool":3,"minecraft:leather":5,"minecraft:red_mushroom":5,"minecraft:birch_planks":1,"minecraft:oak_log":1,"minecraft:gunpowder":2,"biomesoplenty:glowing_moss_carpet":1,"minecraft:cooked_chicken":1,"minecraft:book":12,"minecraft:pumpkin":8,"minecraft:chiseled_stone_bricks":2,"minecraft:dandelion":1,"minecraft:spruce_sapling":1,"minecraft:white_bed":5,"minecraft:spruce_log":10,"biomesoplenty:glowing_moss_block":1,"minecraft:spider_eye":1,"minecraft:baked_potato":24,"minecraft:melon_seeds":2,"minecraft:coal":95,"minecraft:ender_pearl":1},"minecraft:killed_by":{"minecraft:ghast":1,"minecraft:zombified_piglin":1,"minecraft:piglin_brute":4,"minecraft:creeper":1,"quark:forgotten":1,"minecraft:magma_cube":1,"minecraft:vindicator":4,"alexsmobs:crocodile":1,"minecraft:player":2,"minecraft:skeleton":5,"illagerinvasion:marauder":1},"minecraft:broken":{"minecraft:stone_pickaxe":1,"minecraft:stone_sword":1,"minecraft:iron_pickaxe":1},"minecraft:dropped":{"minecraft:moss_block":3,"minecraft:lapis_lazuli":132,"minecraft:cod":1,"twigs:pebble":3,"minecraft:dirt":9,"farmersdelight:onion":3,"minecraft:gold_nugget":3,"minecraft:iron_pickaxe":1,"spawnersplus:spawner_fragment":1,"minecraft:bone":13,"minecraft:detector_rail":3,"minecraft:cobbled_deepslate":2,"minecraft:oak_planks":3,"minecraft:leather_chestplate":1,"supplementaries:flax_seeds":6,"supplementaries:ash":9,"minecraft:gunpowder":5,"minecraft:beetroot_seeds":18,"minecraft:melon_seeds":2,"farmersdelight:rope":35,"farmersdelight:tomato_seeds":10,"minecraft:wheat_seeds":2,"minecraft:cobblestone":60,"quark:spruce_chest":1,"minecraft:golden_apple":1,"minecraft:diorite":2,"minecraft:map":1,"minecraft:string":6,"minecraft:bucket":2,"minecraft:spruce_sapling":2,"minecraft:redstone":4,"minecraft:anvil":1,"minecraft:moss_carpet":2,"farmersdelight:cabbage_seeds":5,"minecraft:flint_and_steel":1,"minecraft:spruce_trapdoor":4,"minecraft:bow":1}},"DataVersion":3465}