{"stats":{"minecraft:custom":{"minecraft:mob_kills":60,"minecraft:interact_with_anvil":1,"minecraft:animals_bred":5,"minecraft:interact_with_crafting_table":45,"minecraft:open_barrel":41,"minecraft:leave_game":6,"minecraft:time_since_death":0,"minecraft:climb_one_cm":13827,"minecraft:sprint_one_cm":720870,"minecraft:walk_one_cm":465563,"minecraft:drop":67,"minecraft:play_time":246661,"minecraft:sneak_time":4568,"minecraft:deaths":23,"minecraft:walk_under_water_one_cm":23217,"minecraft:jump":5672,"minecraft:interact_with_brewingstand":1,"minecraft:walk_on_water_one_cm":79135,"minecraft:total_world_time":246661,"minecraft:interact_with_furnace":72,"minecraft:interact_with_stonecutter":2,"minecraft:interact_with_grindstone":1,"minecraft:sleep_in_bed":2,"minecraft:time_since_rest":2566,"minecraft:waystone_activated":1,"minecraft:damage_taken":11482,"minecraft:damage_dealt":12970,"twilightforest:life_charms_activated":1,"minecraft:swim_one_cm":152202,"minecraft:fly_one_cm":1221603,"minecraft:open_chest":237,"minecraft:crouch_one_cm":11833,"minecraft:fish_caught":3,"minecraft:fall_one_cm":164155},"minecraft:picked_up":{"biomesoplenty:redwood_log":30,"minecraft:crafting_table":4,"minecraft:wheat":3,"illagerinvasion:platinum_chunk":2,"minecraft:anvil":1,"minecraft:clay_ball":16,"biomesoplenty:flesh":1,"minecraft:gold_block":2,"spawnersplus:spawner_fragment":1,"minecraft:raw_copper":8,"minecraft:string":9,"minecraft:moss_carpet":2,"minecraft:flint_and_steel":1,"minecraft:red_candle":6,"minecraft:pufferfish":2,"quark:spruce_chest":2,"minecraft:detector_rail":3,"minecraft:gold_nugget":10,"minecraft:cobbled_deepslate":74,"minecraft:bucket":1,"twigs:pebble":3,"minecraft:spruce_planks":1,"minecraft:beef":8,"minecraft:iron_pickaxe":1,"biomesoplenty:redwood_wood":4,"minecraft:melon_slice":4,"delightful:green_tea_leaf":2,"minecraft:chest":2,"minecraft:spruce_trapdoor":4,"minecraft:furnace":2,"minecraft:raw_iron":111,"minecraft:torch":14,"minecraft:porkchop":3,"farmersdelight:tomato_seeds":10,"minecraft:diorite":23,"minecraft:carrot":1,"minecraft:redstone":4,"minecraft:dark_oak_planks":10,"biomesoplenty:redwood_planks":1,"minecraft:arrow":10,"minecraft:rotten_flesh":21,"minecraft:beetroot_seeds":18,"farmersdelight:onion":3,"minecraft:hay_block":9,"minecraft:totem_of_undying":1,"biomesoplenty:redwood_sapling":11,"supplementaries:ash":7,"alexsmobs:flying_fish":1,"minecraft:obsidian":20,"minecraft:mutton":3,"minecraft:cod":1,"minecraft:cobblestone":282,"minecraft:white_wool":3,"minecraft:skeleton_skull":1,"minecraft:rail":15,"minecraft:andesite":7,"minecraft:leather":5,"biomesoplenty:glowshroom":2,"minecraft:red_mushroom":5,"minecraft:birch_planks":1,"minecraft:flint":1,"minecraft:oak_log":1,"supplementaries:flax_seeds":3,"minecraft:gunpowder":2,"minecraft:lapis_lazuli":61,"minecraft:dirt":9,"minecraft:lantern":11,"biomesoplenty:glowing_moss_carpet":1,"minecraft:bone":9,"minecraft:wheat_seeds":23,"minecraft:raw_gold":11,"minecraft:grindstone":1,"twigs:twig":19,"minecraft:moss_block":3,"minecraft:oak_planks":4,"minecraft:book":12,"biomesoplenty:toadstool":2,"minecraft:pumpkin":8,"minecraft:chiseled_stone_bricks":2,"minecraft:dandelion":1,"minecraft:spruce_sapling":1,"minecraft:ink_sac":2,"minecraft:white_bed":5,"minecraft:spruce_log":10,"biomesoplenty:glowing_moss_block":1,"minecraft:barrel":4,"minecraft:mossy_cobblestone":8,"minecraft:diamond":3,"waystones:waystone":1,"minecraft:granite":26,"minecraft:emerald":26,"minecraft:bread":13,"minecraft:melon_seeds":2,"minecraft:dark_oak_fence":11,"minecraft:oak_sapling":4,"twigs:rhyolite":1,"minecraft:coal":95,"minecraft:ender_pearl":1},"minecraft:broken":{"minecraft:stone_sword":1,"minecraft:stone_pickaxe":1,"minecraft:iron_pickaxe":1},"minecraft:mined":{"minecraft:dark_oak_planks":1,"biomesoplenty:glowing_moss_block":1,"biomesoplenty:orange_autumn_leaves":1,"minecraft:white_bed":5,"minecraft:mossy_cobblestone":9,"minecraft:deepslate_diamond_ore":3,"minecraft:obsidian":21,"minecraft:spruce_trapdoor":4,"minecraft:granite":25,"minecraft:grass_block":4,"minecraft:spruce_leaves":8,"minecraft:red_mushroom":4,"minecraft:moss_block":7,"minecraft:chiseled_stone_bricks":2,"minecraft:spawner":1,"minecraft:hay_block":7,"minecraft:furnace":2,"minecraft:iron_ore":45,"minecraft:barrel":4,"minecraft:andesite":9,"minecraft:pumpkin":8,"minecraft:anvil":1,"minecraft:deepslate_lapis_ore":9,"biomesoplenty:flesh":1,"minecraft:gold_block":2,"minecraft:vine":2,"minecraft:bookshelf":4,"biomesoplenty:glowshroom_block":3,"minecraft:cave_vines":3,"minecraft:deepslate_iron_ore":31,"biomesoplenty:redwood_log":29,"diagonalfences:minecraft/dark_oak_fence":11,"amendments:wall_lantern":5,"minecraft:lantern":7,"minecraft:stone":180,"minecraft:podzol":2,"twigs:pebble":1,"biomesoplenty:redwood_planks":1,"minecraft:crafting_table":4,"minecraft:clay":1,"minecraft:torch":7,"minecraft:emerald_ore":22,"minecraft:melon":1,"minecraft:chest":2,"minecraft:mushroom_stem":3,"minecraft:copper_ore":2,"minecraft:tall_grass":8,"minecraft:cobblestone":27,"minecraft:deepslate_coal_ore":5,"minecraft:deepslate_gold_ore":10,"biomesoplenty:huge_clover_petal":53,"minecraft:grindstone":1,"minecraft:oak_planks":2,"minecraft:diorite":21,"minecraft:wall_torch":6,"minecraft:skeleton_skull":1,"supplementaries:urn":1,"minecraft:birch_planks":1,"minecraft:red_candle":2,"minecraft:spruce_log":3,"minecraft:birch_leaves":1,"biomesoplenty:maple_leaves":1,"minecraft:grass":144,"biomesoplenty:clover":113,"minecraft:coal_ore":92,"quark:spruce_chest":1,"minecraft:dirt":3,"minecraft:cobweb":1,"twigs:rhyolite":2,"minecraft:gold_ore":3,"biomesoplenty:redwood_wood":4,"minecraft:deepslate":66,"minecraft:fern":1},"minecraft:dropped":{"farmersdelight:tomato_seeds":10,"minecraft:moss_block":3,"minecraft:wheat_seeds":2,"minecraft:lapis_lazuli":132,"minecraft:cobblestone":60,"quark:spruce_chest":1,"minecraft:golden_apple":1,"minecraft:cod":1,"twigs:pebble":3,"minecraft:dirt":9,"minecraft:diorite":2,"minecraft:map":1,"farmersdelight:onion":3,"minecraft:gold_nugget":3,"minecraft:spruce_sapling":2,"minecraft:iron_pickaxe":1,"minecraft:bone":13,"minecraft:bucket":2,"minecraft:string":6,"spawnersplus:spawner_fragment":1,"minecraft:redstone":4,"minecraft:anvil":1,"minecraft:moss_carpet":2,"minecraft:detector_rail":3,"minecraft:cobbled_deepslate":2,"farmersdelight:cabbage_seeds":5,"minecraft:oak_planks":3,"minecraft:flint_and_steel":1,"minecraft:leather_chestplate":1,"supplementaries:ash":9,"supplementaries:flax_seeds":6,"minecraft:gunpowder":5,"minecraft:spruce_trapdoor":4,"minecraft:melon_seeds":2,"minecraft:beetroot_seeds":18,"farmersdelight:rope":35,"minecraft:bow":1},"minecraft:killed":{"minecraft:evoker":1,"minecraft:zombified_piglin":1,"minecraft:spider":3,"minecraft:vindicator":2,"minecraft:skeleton":6,"illagerinvasion:provoker":1,"minecraft:piglin":1,"minecraft:pig":1,"minecraft:zombie_villager":1,"minecraft:creeper":3,"minecraft:squid":2,"minecraft:sheep":3,"minecraft:pillager":4,"alexsmobs:crocodile":1,"minecraft:zombie":24,"minecraft:enderman":1,"minecraft:cow":5},"minecraft:used":{"minecraft:stone_sword":133,"minecraft:flint_and_steel":1,"biomesoplenty:redwood_planks":19,"minecraft:chest":3,"biomesoplenty:glowshroom":2,"minecraft:iron_sword":142,"minecraft:stone_hoe":110,"minecraft:rotten_flesh":2,"minecraft:iron_chestplate":1,"minecraft:torch":54,"minecraft:dirt":5,"minecraft:mutton":4,"twigs:rhyolite":1,"minecraft:granite":23,"minecraft:axolotl_bucket":4,"minecraft:snowball":1,"minecraft:obsidian":14,"minecraft:dark_oak_planks":1,"quark:spruce_chest":5,"minecraft:lantern":10,"minecraft:iron_helmet":1,"minecraft:iron_boots":1,"minecraft:totem_of_undying":1,"minecraft:stone_bricks":4,"minecraft:barrel":4,"minecraft:bow":16,"minecraft:furnace":5,"minecraft:oak_sapling":4,"minecraft:iron_leggings":1,"minecraft:cobbled_deepslate":8,"minecraft:cooked_beef":19,"minecraft:pumpkin":1,"biomesoplenty:flesh":1,"minecraft:golden_axe":1,"minecraft:cooked_mutton":10,"minecraft:wheat_seeds":31,"minecraft:water_bucket":9,"minecraft:diorite":7,"minecraft:birch_planks":2,"minecraft:stone_pickaxe":379,"minecraft:oak_planks":1,"minecraft:stonecutter":1,"minecraft:leather_boots":1,"biomesoplenty:rainbow_birch_sapling":1,"minecraft:glow_berries":4,"minecraft:mossy_cobblestone":8,"minecraft:tnt":2,"minecraft:crafting_table":5,"minecraft:white_bed":6,"biomesoplenty:orange_autumn_sapling":5,"minecraft:oak_log":1,"minecraft:diamond_pickaxe":23,"minecraft:apple":2,"minecraft:bread":66,"minecraft:melon_slice":1,"minecraft:iron_pickaxe":379,"biomesoplenty:toadstool":2,"everycomp:q/biomesoplenty/redwood_chest":2,"minecraft:stone_axe":100,"minecraft:chiseled_stone_bricks":2,"minecraft:fishing_rod":5,"minecraft:cobblestone":34,"minecraft:dark_oak_fence":40,"minecraft:bucket":14,"minecraft:andesite":9,"minecraft:bone_meal":9},"minecraft:crafted":{"minecraft:furnace":3,"minecraft:stone":3,"minecraft:bone_meal":9,"minecraft:cooked_mutton":3,"minecraft:dark_oak_fence":39,"minecraft:bow":1,"minecraft:iron_boots":2,"minecraft:stone_pickaxe":4,"minecraft:chest":1,"backpacked:backpack":1,"quark:spruce_chest":4,"minecraft:dark_oak_planks":80,"minecraft:stone_hoe":1,"everycomp:q/biomesoplenty/redwood_chest":2,"minecraft:wheat":180,"minecraft:cooked_beef":19,"minecraft:golden_axe":1,"minecraft:crafting_table":3,"minecraft:spruce_planks":40,"biomesoplenty:redwood_planks":16,"minecraft:iron_helmet":2,"minecraft:iron_sword":1,"minecraft:bucket":2,"minecraft:birch_planks":80,"minecraft:stone_axe":1,"minecraft:bread":32,"minecraft:air":0,"aether:iron_gloves":1,"minecraft:iron_chestplate":2,"minecraft:diamond_pickaxe":1,"minecraft:stick":74,"minecraft:iron_ingot":80,"minecraft:iron_pickaxe":2,"minecraft:stone_sword":2,"minecraft:iron_leggings":2,"minecraft:gold_ingot":28,"minecraft:stonecutter":1,"minecraft:white_bed":1,"minecraft:torch":28},"minecraft:killed_by":{"minecraft:player":2,"minecraft:zombified_piglin":1,"minecraft:piglin_brute":4,"minecraft:creeper":1,"quark:forgotten":1,"minecraft:magma_cube":1,"minecraft:vindicator":4,"alexsmobs:crocodile":1,"minecraft:skeleton":4,"illagerinvasion:marauder":1}},"DataVersion":3465}